cm3,kW,km,brand,make,price,year
1968,110,160000,Škoda,Superb,16800,2017
1995,135,187100,BMW,520,15500,2012
1995,135,195000,BMW,320,11499,2012
1600,84,75100,Subaru,Impreza,16700,2018
1968,120,212100,Audi,Q5,18100,2013
1364,103,102100,Opel,Mokka,11200,2014
1956,96,167100,Opel,Insignia,6300,2009
1998,88,75000,Mazda,CX-3,14700,2016
1968,110,167100,Volkswagen,Tiguan,21999,2016
1197,85,75100,Nissan,Juke,10999,2014
1199,60,106100,Citroen,C3,9900,2017
1248,63,156100,Fiat,500L,7200,2013
1598,81,212100,Audi,A3,10999,2014
1598,96,224000,Renault,Scenic,4900,2011
1968,103,241000,Volkswagen,Golf 6,9900,2011
1598,77,172102,Volkswagen,Golf 6,6899,2011
1248,44,166580,Fiat,Panda,,2006
1499,88,185849,Ford,Focus,8800,2015
1598,81,189211,Volkswagen,Golf 7,11500,2014
1199,60,124962,Citroen,C3,5400,2013
1560,70,190000,Ford,Fiesta,4899,2011
1995,105,202000,MINI,Countryman,9900,2013
1242,44,200640,Fiat,Panda,2850,2007
1589,74,164976,Peugeot,308,8250,2017
1995,110,154890,BMW,318,24250,2019
1199,55,189000,Volkswagen,Polo,5499,2013
1995,130,310000,BMW,320,6200,2009
1496,85,181000,BMW,116,17350,2020
1995,105,198000,MINI,Countryman,15499,2015
1598,85,156000,Volkswagen,T-Roc,17999,2019
1600,77,174000,Volkswagen,Touran,9250,2013
1560,66,191000,Citroen,C4,2599,2006
2993,225,225993,BMW,X6,20500,2013
1390,103,195925,Volkswagen,Touran,6999,2011
1984,220,24300,Audi,A6,47900,2020
1896,77,198000,Audi,A3,4650,2005
1995,140,220000,BMW,420,,2016
1950,143,257000,Mercedes Benz,E 220,29800,2017
1199,61,153275,Citroen,C3,8999,2019
2967,150,245000,Volkswagen,Touareg,,2017
1896,85,310000,Ford,Galaxy,2199,2003
1995,140,42950,BMW,X3,58900,2022
1598,77,189583,Volkswagen,Golf 6,6290,2010
1598,66,177738,Volkswagen,Polo,5590,2010
1997,120,185003,Peugeot,3008,8999,2013
2148,90,211381,Mercedes Benz,CLC 200,5950,2008
1997,120,189590,Ford,Kuga,8590,2011
1968,140,315000,Škoda,Kodiaq,17000,2017
2925,243,62700,Mercedes Benz,GLE 400,77800,2021
1598,81,147500,Opel,Astra J,7800,2018
2925,250,104500,Mercedes Benz,CLS 400,57000,2019
2268,110,160000,Mitsubishi,Outlander,12499,2014
1994,110,230000,Nissan,Qashqai,5999,2008
1686,81,242000,Opel,Astra J,,2011
1968,85,100000,Volkswagen,Tiguan,,2017
1968,147,46000,Audi,Q3,38900,2020
1995,135,215280,BMW,X1,11800,2012
2967,155,108000,Audi,A6 Allroad,25900,2015
1968,130,197256,Volkswagen,Passat B7 Alltrack,10500,2014
1968,110,250000,Volkswagen,Tiguan,23500,2017
1198,51,210000,Seat,Ibiza,,2012
1242,51,150000,Ford,Ka,3499,2010
1396,103,190230,Volkswagen,Touran,8350,2011
1910,88,231000,Alfa Romeo,147,1700,2007
1600,81,168123,Opel,Astra K,8499,2016
1560,66,235847,Ford,Focus,3300,2010
1498,70,171058,Mercedes Benz,A 150,3250,2008
1984,147,277000,Volkswagen,Golf 5,5650,2005
1598,85,203000,Audi,Q2,13300,2016
4395,390,40500,BMW,X5,79900,2020
1376,102,0,Suzuki,Vitara,27200,2023
1499,96,134460,Peugeot,508,22950,2019
,35,7779,Peugeot,iOn,,2017
999,92,166220,Ford,Focus,,2020
1896,66,220112,Volkswagen,Golf 5,4100,2006
1395,81,183150,Škoda,Octavia,12900,2017
1985,125,188000,Audi,A3,4995,2006
1461,81,172368,Renault,Grand Scenic,13850,2017
1461,85,174543,Renault,Kadjar,16650,2019
1950,143,119745,Mercedes Benz,GLC 220,39990,2019
1956,121,211500,Lancia,Delta,3950,2009
2494,141,314000,BMW,525,4999,2004
1598,85,218000,Volkswagen,T-Roc,16980,2019
1390,81,138000,Audi,A3,11490,2014
2993,375,11200,BMW,M4,103990,2023
1149,54,171074,Renault,Clio,5400,2015
1499,96,137123,Citroen,C5 Aircross,17700,2019
1995,160,215297,BMW,525,17999,2014
1968,110,182000,Škoda,Octavia,11900,2017
1461,81,233000,Renault,Laguna,3700,2008
1398,50,154000,Peugeot,208,6999,2012
1997,103,210500,Ford,Kuga,7490,2010
1995,110,184000,Renault,Koleos,4650,2008
1149,55,245000,Renault,Twingo,1300,2002
,60,46000,Smart,ForTwo,13200,2017
1968,105,194842,Audi,A4,7499,2009
1299,51,177480,Ford,Fiesta,2699,2005
1995,90,230000,BMW,118,3999,2008
1968,103,193000,Audi,A3,4990,2006
1598,77,202533,Volkswagen,Passat B7,6250,2012
1560,66,198532,Ford,C-Max,2695,2009
1995,85,205456,Toyota,RAV 4,6290,2005
1560,68,171562,Citroen,C3,3550,2011
2967,176,204711,Audi,Q5,10250,2010
1598,96,158155,Renault,Kadjar,11450,2017
1499,96,107573,Citroen,C5 Aircross,18890,2019
1248,55,277000,Fiat,Grande Punto,2800,2007
1461,81,180324,Renault,Scenic,11699,2017
1560,70,189000,Ford,Focus,5390,2011
1598,85,163500,Volkswagen,Golf 7,13490,2017
1984,185,196707,Audi,Q5,29999,2017
2393,110,197623,Toyota,Hilux,23950,2018
1199,55,193435,Seat,Ibiza,4099,2011
1995,130,256083,BMW,X1,8250,2009
1499,96,220000,Peugeot,3008,16500,2018
1199,60,92211,Citroen,C3,9799,2017
2993,190,236800,BMW,X5,32999,2014
1968,147,44000,Škoda,Kodiaq,38990,2022
1598,70,160000,Volkswagen,Polo,10990,2018
1968,103,290000,Volkswagen,Tiguan,11390,2012
2000,151,171000,Mercedes Benz,C 350e,22900,2016
2967,190,231000,Porsche,Macan,29900,2014
2987,190,183100,Mercedes Benz,GLE 350,34900,2016
1968,125,183400,Audi,A4 Allroad,9900,2010
2967,190,224500,Porsche,Macan,32900,2015
1995,110,209500,BMW,X1,16900,2016
1995,125,182200,BMW,320,8790,2007
1598,81,230000,Volkswagen,Golf 7,12500,2017
1461,66,22187,Renault,Clio,11000,2018
1995,140,220000,BMW,X1,21900,2017
2000,120,151000,Audi,A4,11900,2013
1390,118,199756,Volkswagen,Tiguan,12900,2014
1461,65,168404,Renault,Clio,5199,2012
2967,160,212000,Audi,Q7,36900,2017
1400,160,197168,Volkswagen,Passat B8,16900,2016
1968,103,220000,Audi,A3,4700,2004
1968,135,210000,Volkswagen,Golf 7,14950,2014
1197,85,172303,Nissan,Juke,10900,2016
1560,68,164400,Citroen,C3,5199,2012
1560,84,139000,Citroen,DS4,8500,2013
1560,85,200000,Citroen,C4 Picasso,8490,2013
1997,133,240000,Peugeot,508,11950,2016
1685,85,189000,Kia,Sportage,10500,2011
1685,85,199000,Kia,Sportage,9399,2011
1390,103,197100,Volkswagen,Touran,7450,2010
1598,100,176500,Opel,Mokka X,13350,2017
1390,118,227000,Volkswagen,Scirocco,5390,2009
1991,110,162700,Opel,Antara,10450,2010
1986,110,190446,Audi,A3,15995,2017
1600,81,192132,Audi,A3,13995,2018
1968,100,198650,Audi,A4,11650,2013
2993,195,169500,BMW,X5,,2018
1149,55,188000,Renault,Clio,3850,2009
1560,85,194455,Citroen,DS5,10950,2016
1499,88,163684,Peugeot,2008,12450,2018
1395,81,180332,Audi,A3,,2014
1997,120,184514,Citroen,DS5,10290,2013
1197,87,169307,Renault,Captur,11950,2016
1968,81,193307,Volkswagen,Tiguan,11350,2012
1198,44,176714,Škoda,Fabia,4950,2013
1896,77,190261,Volkswagen,Caddy,7950,2009
1461,66,189760,Renault,Kangoo,10950,2017
1395,90,165536,Volkswagen,Golf 7,8650,2013
999,66,51288,Seat,Ibiza,12690,2020
1997,110,258000,Ford,Kuga,13900,2016
1968,103,285253,Volkswagen,Sharan,8599,2011
1968,103,153000,Volkswagen,Tiguan,9690,2010
1598,88,180000,Volkswagen,Passat B8,12500,2015
1242,48,174000,Fiat,Grande Punto,3800,2010
1968,103,231000,Audi,A3,5250,2009
1995,140,227238,BMW,X4,35750,2019
1995,120,152179,BMW,520,26990,2017
1995,110,183949,BMW,X1,26700,2019
1996,157,215500,Ford,Ranger,34900,2019
1998,91,204700,Toyota,RAV 4,14100,2014
1798,140,197000,Audi,A6,24900,2018
1753,74,240000,Ford,Focus,1700,2004
1598,88,154504,Volkswagen,Passat B8,16999,2017
1995,160,160000,BMW,X5,30000,2014
1397,70,180000,Citroen,C3,4500,2010
1364,66,164093,Toyota,Yaris,10900,2017
1794,83,175000,BMW,318,8500,1989
1870,96,191000,Renault,Megane,6490,2010
1896,66,167567,Volkswagen,Golf 5,4650,2008
1242,51,162000,Fiat,500,5850,2010
1598,77,180436,Audi,A1,9999,2014
1598,88,177000,Volkswagen,Passat B8,12200,2015
1995,130,263000,BMW,X3,7990,2009
1395,110,186600,Audi,A4,18990,2016
2993,150,250000,BMW,525,16000,2012
1995,140,226000,BMW,X4,23500,2016
1896,77,189093,Audi,A3,6690,2009
1461,81,182000,Nissan,Qashqai,11990,2014
1598,85,158369,Volkswagen,Golf 7,11900,2017
1560,68,187000,Citroen,C3,4090,2012
1400,66,315000,Opel,Astra G,2550,2001
1461,85,128205,Renault,Megane,14399,2019
1397,64,186000,Opel,Astra J,4590,2011
1598,77,252005,Škoda,Octavia,5650,2010
1994,110,172000,Nissan,Qashqai + 2,6950,2009
1461,85,82978,Renault,Kadjar,18590,2020
1968,140,118500,Škoda,Superb,28000,2019
1999,88,239566,Audi,A4,7399,2011
1364,66,205680,Opel,Corsa D,3490,2008
2497,130,342000,BMW,525,4400,2004
1968,103,269000,Volkswagen,Tiguan,11500,2011
1461,81,168300,Renault,Megane,10550,2017
1598,81,183224,Volkswagen,Golf 7,10800,2015
1397,96,173000,Renault,Megane,5250,2011
1461,85,187000,Mercedes Benz,A 180,16999,2018
1389,90,162326,Škoda,Octavia,5199,2009
1499,96,93000,Peugeot,5008,21900,2019
1968,88,205655,Audi,A4,171,2009
1968,105,212566,Audi,A4,171,2009
1995,105,198666,BMW,318,130,2011
1598,96,115000,Nissan,X-Trail,14800,2016
1198,40,211000,Volkswagen,Polo,2599,2007
1968,110,191000,Volkswagen,Tiguan,18500,2017
1968,125,245000,Audi,A5,11990,2010
1248,55,172000,Fiat,EVO,3999,2012
1360,55,209416,Peugeot,207,3500,2007
1248,57,159000,Hyundai,i20,4400,2011
1598,77,179000,Volkswagen,Touran,7500,2011
1968,103,239400,Audi,A6,5690,2007
1499,96,189000,Peugeot,308,10150,2019
1995,135,229000,BMW,520,9500,2011
1598,96,159500,Nissan,X-Trail,13990,2016
1560,66,210252,Peugeot,Partner,4650,2009
1248,62,190230,Fiat,EVO,4499,2011
1149,55,238000,Renault,Clio,2850,2006
1499,88,223325,Ford,Focus,7650,2016
1461,63,180042,Renault,Clio,3499,2009
1968,81,236736,Volkswagen,Passat B6,5250,2009
1968,110,71848,Škoda,Octavia,18999,2019
1956,99,125000,Fiat,Doblo,6199,2013
1995,110,118000,BMW,X1,20000,2016
2998,225,245000,BMW,X6,23950,2011
1870,88,315000,Renault,Megane,2999,2003
1997,110,173942,Peugeot,308,6890,2012
1798,118,216000,Škoda,Octavia,5000,2008
1248,55,151000,Fiat,500C,6450,2009
1397,96,151000,Renault,Megane,4890,2011
1582,100,211112,Kia,cee`d sw,9999,2018
2000,125,406000,Škoda,Superb,8850,2011
,60,33950,Smart,ForTwo,14499,2019
1598,81,187900,Volkswagen,Golf 7,12400,2016
1798,118,257000,Audi,A4,7499,2008
1896,77,175000,Seat,Altea,2750,2005
1870,95,195225,Suzuki,Grand Vitara,5390,2007
1997,120,189000,Citroen,C5,4650,2011
2987,190,191200,Mercedes Benz,ML 350,26500,2012
1500,70,125356,Ford,Focus,12500,2019
1560,66,257242,Citroen,Berlingo,4750,2010
1968,103,240000,Audi,A6,5700,2005
1422,55,196000,Volkswagen,Polo,6200,2014
1896,77,200400,Volkswagen,Golf 5,5300,2007
1598,77,211000,Volkswagen,Golf 6,6150,2010
1499,96,142650,Peugeot,3008,16989,2019
1998,102,170000,Volkswagen,Passat CC,9350,2008
1600,77,180000,Volkswagen,Golf 7,11350,2015
1349,55,169120,Mazda,2,3999,2009
1200,55,165123,Volkswagen,Polo,5699,2013
1598,85,220000,Audi,A3,18599,2019
1598,81,168123,Opel,Astra K,8999,2017
1700,81,168123,Opel,Astra J,5550,2011
1390,92,192500,Audi,A3,5750,2009
1400,88,88980,Fiat,Doblo,,2016
1968,103,301000,Audi,A3,7500,2007
1598,77,180251,Škoda,Roomster,5850,2015
1586,77,177000,Škoda,Octavia,5799,2009
1989,103,220000,Volkswagen,Passat B6,4999,2008
1598,77,189000,Volkswagen,Passat B7,7450,2011
2902,120,302000,Hyundai,Terracan,4900,2006
1968,103,256511,Škoda,Yeti,7799,2013
1398,50,200500,Peugeot,207,3499,2009
1149,54,88300,Renault,Clio,8600,2018
1390,90,162380,Volkswagen,Passat B7,7499,2012
1398,50,236190,Peugeot,207,3500,2010
1798,132,227591,Audi,A3,10950,2013
1598,82,224000,Peugeot,3008,6150,2011
1248,63,192000,Fiat,Grande Punto,3990,2013
1997,120,191889,Citroen,C5,5799,2010
1199,55,208587,Volkswagen,Polo,4550,2011
1598,77,210500,Audi,A3,10300,2013
1968,103,196720,Volkswagen,Passat B7,7450,2012
1995,130,215000,BMW,320,4800,2008
1388,70,167600,Ford,Fiesta,4100,2011
1242,44,206500,Fiat,Punto,1299,2002
1598,96,156750,Nissan,Qashqai,12950,2014
1248,70,169550,Opel,Corsa E,7490,2016
1968,125,260000,Audi,A3,6000,2008
1968,103,222000,Volkswagen,Tiguan,10900,2013
1498,96,250000,Seat,Leon,,2019
1968,110,163000,Audi,A4,21500,2016
1995,85,205000,Toyota,RAV 4,5590,2005
1598,88,210300,Fiat,Tipo,7990,2016
2000,102,246111,Audi,A6,12700,2013
1560,85,195030,Ford,Focus,5990,2012
1968,140,192000,Škoda,Kodiaq,22500,2017
1397,50,168197,Peugeot,208,6500,2012
1968,110,24000,Škoda,Karoq,30500,2022
1198,85,111071,Renault,Megane,6700,2014
1496,74,223782,Mazda,3,10050,2014
1560,68,206090,Citroen,C4,6399,2011
1968,88,132944,Audi,A4,8450,2009
1968,103,218352,Audi,A6,5750,2007
1997,100,140000,Citroen,C5,4990,2008
1968,140,108000,Volkswagen,Tiguan,29900,2018
1995,89,195392,BMW,320,5650,2007
1997,120,245831,Citroen,C5,5490,2010
1461,81,172320,Renault,Megane,4499,2009
999,46,160000,Kia,Picanto,3297,2010
1956,118,254000,Opel,Insignia,4950,2011
1560,68,186200,Peugeot,2008,7800,2014
1618,120,110775,Nissan,X-Trail,18500,2018
1995,120,252870,BMW,320,5500,2007
1560,85,259687,Ford,Mondeo,11650,2015
1896,74,214566,Volkswagen,Passat B5.5,2650,2003
1248,55,198635,Fiat,EVO,3999,2012
2993,190,196238,BMW,530 GT,15750,2013
1969,173,178399,Volvo,XC90,42990,2019
1896,81,211000,Volkswagen,Golf 7,8999,2014
1968,103,257130,Audi,A3,4500,2007
2143,125,401000,Mercedes Benz,GLK 220,5950,2010
1395,81,170436,Volkswagen,Golf 7,9699,2014
1956,120,185000,Opel,Insignia,9150,2014
1461,81,194136,Renault,Scenic,5890,2012
1956,99,217000,Fiat,Doblo,6399,2011
1560,73,181000,Peugeot,308,7999,2015
1461,55,161349,Renault,Clio,7890,2018
1995,85,164000,BMW,316,12800,2012
2998,210,205000,BMW,X6,19900,2010
1986,145,204000,Volvo,XC60,38800,2020
1998,105,181000,MINI,Countryman,10650,2012
1986,130,204000,Audi,A4 Allroad,10950,2010
1397,70,240000,Peugeot,207,3999,2010
2146,129,205000,Mazda,CX-5,23800,2018
1461,81,162200,Renault,Grand Scenic,14399,2017
1896,77,208000,Volkswagen,Golf 5,4190,2005
1199,63,140061,Audi,A1,9499,2014
1499,70,35400,Ford,Fiesta,8199,2017
1995,140,133700,BMW,320,27990,2019
1461,85,106833,Renault,Kadjar,15990,2020
1969,88,152595,Volvo,V40,11490,2016
1968,110,155895,Audi,A4,18750,2017
1242,51,176000,Fiat,Grande Punto,3190,2014
1499,96,129347,Peugeot,3008,22990,2021
1968,140,104000,Škoda,Superb,25000,2020
2497,120,400000,BMW,525,2990,2001
1197,66,204405,Volkswagen,Polo,5999,2012
1395,80,190000,Seat,Leon,10499,2015
1149,43,258000,Renault,Twingo,1299,1998
1396,80,181000,Hyundai,i30,4600,2010
1298,44,196800,Ford,Ka,690,2001
1968,140,198000,Volkswagen,Tiguan,26450,2019
1499,110,0,Ford,Kuga,,2023
1968,103,236500,Audi,A3,4290,2005
1199,55,179681,Seat,Ibiza,3999,2011
1995,130,195000,BMW,X1,9500,2010
1598,77,250000,Renault,Kangoo,6700,2012
1910,88,193781,Fiat,Bravo,2950,2007
1364,103,132000,Opel,Mokka,13690,2016
1686,74,195094,Opel,Astra H,3200,2008
1560,55,147960,Citroen,C3,8850,2017
1587,80,195000,Peugeot,307,2990,2007
1956,103,164000,Alfa Romeo,Giulietta,6590,2011
1910,88,221000,Opel,Astra H,3100,2009
1896,74,256000,Audi,A4,3450,2003
1998,95,271000,Ford,Mondeo,750,2003
1461,66,185000,Renault,Megane,5650,2013
1368,88,182402,Fiat,Grande Punto,3999,2008
2148,125,325000,Mercedes Benz,C 220,6900,2008
1598,77,274617,Volkswagen,Golf 6,5800,2010
1390,92,205900,Seat,Altea,3800,2008
1598,85,150000,Škoda,Karoq,17990,2019
1600,77,170000,Volkswagen,Golf 7,9000,2014
1598,85,99100,Volkswagen,Golf 7,13999,2018
1499,75,174569,Citroen,C3,8950,2019
1499,88,179451,Ford,Focus,11200,2018
2143,100,226000,Mercedes Benz,C 200,7850,2010
1461,81,188000,Renault,Kadjar,,2017
1995,130,281000,BMW,520,7999,2008
1969,140,125000,Volvo,XC60,30499,2019
1896,77,208113,Audi,A3,4590,2006
1900,88,396524,Volkswagen,Golf 4,950,2000
1969,140,131000,Volvo,S90,27990,2018
1969,88,176000,Volvo,V40,12990,2019
1968,145,0,Mercedes Benz,GLC 220,82500,2023
1999,132,70000,Jaguar,E-Pace,26990,2019
1685,85,178800,Hyundai,Tucson,15300,2016
1968,140,245120,Audi,A4 Allroad,13900,2014
1364,66,186214,Toyota,Yaris,6450,2012
1968,130,276000,Audi,Q3,,2016
1968,110,10000,Audi,A3,26990,2021
1870,95,198000,Suzuki,Grand Vitara,7999,2009
1997,110,168000,Peugeot,308,8200,2014
1598,77,188999,Volkswagen,Golf 7,10299,2013
1197,85,84436,Nissan,Qashqai,12999,2015
1149,43,166500,Renault,Twingo,2550,2009
1686,44,210000,Opel,Corsa C,1500,2002
1968,110,125000,Volkswagen,Tiguan,24990,2019
1461,55,177564,Dacia,Sandero,6990,2017
875,63,174169,Fiat,500L,5990,2015
1598,77,189888,Opel,Combo,6990,2014
1984,100,193850,Volvo,V60,7990,2013
1368,99,191200,Alfa Romeo,MiTo,4999,2009
1968,103,174920,Audi,Q3,14200,2014
1398,110,102000,Volkswagen,Golf 7,12700,2016
1598,85,218175,Audi,A3,15700,2017
1995,140,189000,BMW,520,26800,2018
1995,110,218000,BMW,120,18199,2018
1896,77,245865,Volkswagen,Golf 5,4600,2006
1950,110,115000,Mercedes Benz,GLB 200,34999,2020
1398,81,165000,Audi,A3,13999,2017
875,62,147000,Fiat,Panda,7799,2012
1248,63,184161,Fiat,Grande Punto,4450,2012
2956,180,234000,Audi,A7,20000,2011
1995,110,163000,BMW,X3,5499,2005
1300,66,113650,Opel,Combo,6150,2013
1956,125,164000,Opel,Insignia,14990,2020
1598,77,211750,Volkswagen,Golf 7,9250,2013
1998,130,243000,Audi,A4,11499,2012
1396,80,70500,Hyundai,i30,6000,2012
1560,84,211307,Citroen,C4 Aircross,8950,2013
1461,81,89538,Renault,Captur,12650,2018
1149,55,75000,Dacia,Sandero,2750,2011
1999,177,185000,Land Rover,Range Rover Evoque,15999,2013
1582,100,112000,Kia,cee`d sw,7999,2016
1332,116,18000,Nissan,Qashqai,31900,2023
1368,57,135287,Fiat,Grande Punto,3599,2006
1896,74,280000,Volkswagen,Passat B5.5,2850,2003
1995,130,215000,BMW,X3,6700,2009
1968,110,176000,Škoda,Octavia,8950,2013
1598,88,190000,Peugeot,308,3350,2008
1461,63,63351,Renault,Clio,11999,2020
1422,66,190111,Škoda,Fabia,,2017
1598,81,181386,Opel,Insignia,12250,2019
1560,68,164339,Citroen,C4 Cactus,6995,2014
2143,100,285653,Mercedes Benz,C 200,7600,2010
1397,70,196000,Citroen,DS3,4999,2011
1299,60,310045,Mitsubishi,Space Star,1199,2001
1968,110,127334,Audi,Q3,23890,2019
875,63,84258,Fiat,Panda,5990,2013
1461,80,102000,Mercedes Benz,B 180,15000,2018
1248,70,182000,Opel,Meriva,5300,2011
2148,125,281000,Mercedes Benz,E 220,7750,2007
1124,44,105835,Citroen,C2,2950,2006
1968,110,196000,Škoda,Octavia,9400,2013
1997,132,139074,Peugeot,3008,22890,2020
898,66,131523,Renault,Captur,6995,2013
1598,88,159000,Suzuki,SX4 S-Cross,10000,2015
1368,73,5,Kia,Stonic,18939,2023
1397,50,167427,Peugeot,208,4995,2012
1968,103,207937,Volkswagen,Passat B7,6195,2012
1461,81,175837,Nissan,Qashqai,6995,2010
1968,103,191531,Volkswagen,Touran,4250,2006
1968,110,148367,Audi,A4,,2016
1461,61,70500,Renault,Megane,14200,2016
1998,103,311000,Volkswagen,Passat B6,2199,2008
1390,118,169739,Volkswagen,Golf 6,7200,2009
1968,140,174000,Škoda,Superb,20900,2017
1598,77,220000,Volkswagen,Golf 6,2490,2010
1995,135,210000,BMW,320,,2014
1995,140,234620,BMW,520,14500,2015
1950,143,117000,Mercedes Benz,E 220,35900,2018
1798,110,238000,Mitsubishi,ASX,7650,2011
1596,80,186000,Citroen,C2,4600,2007
1997,120,188091,Citroen,C5,4150,2012
1896,77,212000,Audi,A3,4650,2005
1995,140,230000,BMW,520,16500,2015
1598,81,186000,Volkswagen,Golf 7,12350,2016
1461,66,219000,Renault,Clio,6650,2016
1995,90,214000,BMW,320,5990,2006
1997,133,192000,Peugeot,508,14990,2018
1997,133,183000,Peugeot,508,13500,2016
1969,140,87100,Volvo,S60,23500,2017
1498,110,65242,Ford,Kuga,14700,2017
1958,140,152134,Škoda,Superb,20900,2016
1968,85,147000,Audi,A3,19990,2020
1461,80,182000,Mercedes Benz,CLA 180,,2017
1364,66,198800,Opel,Astra H,3550,2005
1398,90,235055,Volkswagen,Golf 6,6889,2009
1968,110,171665,Audi,Q3,22850,2019
1995,140,95000,BMW,520,28900,2017
1499,75,101000,Citroen,DS3,,2019
1598,77,340027,Opel,Astra H,2350,2005
1560,55,156233,Peugeot,208,6750,2017
1997,120,223000,Peugeot,3008,7999,2012
1968,135,227240,Škoda,Octavia,14950,2018
1498,110,95280,Volkswagen,T-Roc,22000,2020
1598,81,238000,Škoda,Octavia,9200,2016
1598,77,281850,Volkswagen,Golf 6,6500,2011
1461,55,65594,Renault,Clio,8900,2016
1998,91,238500,Toyota,Auris,7950,2013
1968,110,260000,Volkswagen,Passat B8,13900,2017
1499,96,156927,Peugeot,3008,19850,2021
1968,130,192116,Volkswagen,Passat B7,9900,2014
1197,63,162000,Škoda,Octavia,11390,2018
1598,96,220405,Nissan,Qashqai,7500,2013
1910,74,225802,Lancia,Musa,2450,2004
1464,48,275000,Renault,Clio,2100,2007
1368,121,193500,Fiat,500,15950,2017
1984,169,226400,Volkswagen,Golf 7,13750,2014
1598,85,141274,Škoda,Karoq,17450,2020
1600,73,238000,Citroen,C4 Cactus,8450,2016
1998,121,25500,Mazda,6,,2020
1499,75,153538,Citroen,C4 Cactus,10999,2018
2143,100,203072,Mercedes Benz,C 200,7995,2011
1870,96,299300,Renault,Scenic,4990,2010
1197,85,162782,Nissan,Juke,11300,2016
1422,66,150055,Škoda,Rapid,7900,2016
1499,100,179850,MINI,Cooper,9400,2015
1242,44,227000,Fiat,Punto,2250,2011
1499,96,63868,Peugeot,3008,16850,2018
1598,88,225000,Škoda,Superb,13899,2016
1497,157,0,Nissan,X-Trail,52790,2023
1388,71,179000,Ford,Fiesta,8650,2017
2191,129,200000,Mazda,6,11500,2015
1968,103,228000,Audi,Q3,13200,2012
1560,85,187000,Peugeot,3008,15400,2017
1968,125,269000,Volkswagen,Golf 6,9350,2010
1560,82,233000,Peugeot,508,6750,2011
2982,127,239000,Toyota,Land Cruiser,16200,2008
1968,81,251000,Volkswagen,Golf 6,6450,2009
1968,110,209000,Audi,Q3,17200,2016
1598,77,189000,Audi,A3,7200,2010
1896,77,210000,Volkswagen,Passat B6,4990,2008
1968,103,244000,Volkswagen,Golf Plus,7650,2011
1598,66,261000,Volkswagen,Golf 6,6250,2010
1199,55,170000,Volkswagen,Polo,5150,2011
1896,66,220460,Volkswagen,Golf 5,3890,2006
1461,85,144565,Mercedes Benz,A 180,19999,2018
1995,120,184500,BMW,320,8990,2011
1995,110,87474,BMW,X2,26950,2018
1496,85,132355,BMW,X1,17200,2018
1968,110,191000,Volkswagen,Passat B8,15800,2017
1461,78,185000,Nissan,Qashqai,6750,2009
2000,111,188000,Volkswagen,Passat B8,19000,2018
1560,82,247887,Peugeot,308,4500,2011
1560,85,196074,Ford,C-Max,4850,2012
1798,118,250207,Škoda,Octavia,4500,2008
1968,105,224869,Audi,A4,8650,2008
1499,75,199056,Citroen,C4 Cactus,,2018
2143,150,300000,Mercedes Benz,E 250,9499,2010
1560,80,217000,Peugeot,308,,2008
1197,87,158000,Renault,Captur,11450,2017
1461,81,176000,Renault,Kadjar,14490,2018
1686,96,171232,Opel,Mokka,10490,2014
1956,125,242000,Opel,Insignia,11300,2015
4367,249,138500,Land Rover,Range Rover Autobiography,82990,2019
2993,183,69500,Land Rover,Range Rover Sport,65990,2020
1999,132,104000,Jaguar,F pace,32990,2019
1998,150,26000,Jaguar,F pace,59990,2022
1998,121,17000,Land Rover,Range Rover Evoque,,2022
,57,17500,Citroen,e-C4,,2021
2993,202,120000,Land Rover,Range Rover Autobiography,,2018
1896,180,29000,Volkswagen,Golf 8,34900,2021
1995,130,280000,BMW,X3,5500,2008
2967,210,38000,Audi,A7,49990,2018
2496,110,340000,Audi,A6,1950,2001
1598,88,156000,Volkswagen,Passat B8,15999,2019
1373,103,183000,Suzuki,Vitara,,2016
1956,121,248000,Opel,Zafira,6800,2012
1968,103,235000,Škoda,Yeti,7890,2010
1395,150,254000,Volkswagen,Golf 7,14900,2015
1968,110,281000,Volkswagen,Golf 7,11400,2013
1390,150,265000,Volkswagen,Golf 7,14900,2014
1395,150,251000,Volkswagen,Golf 7,14900,2015
1598,88,190000,Škoda,Superb,13200,2017
1968,103,261000,Volkswagen,Passat B6,5150,2008
1199,60,207000,Peugeot,208,5650,2012
1598,77,241000,Audi,A3,10690,2013
1910,77,268000,Fiat,Doblo,3750,2008
1999,132,163000,Jaguar,F pace,28800,2017
1560,88,166000,Opel,Grandland X,14490,2018
1395,150,169000,Volkswagen,Golf 7,14690,2014
1388,71,150434,Ford,Fiesta,3850,2009
1149,55,181859,Dacia,Sandero,3300,2011
1422,59,186186,Škoda,Fabia,3700,2010
1248,55,146292,Fiat,Qubo,3500,2009
1596,88,163329,Ford,Fiesta,,2010
1598,88,148862,Citroen,C3 Picasso,,2011
1998,190,11313,BMW,330,39900,2019
1995,135,185097,BMW,320,,2011
1997,66,278000,Peugeot,307,2500,2003
1998,89,246000,Mazda,6,2600,2006
1248,51,145873,Fiat,Punto,2300,2005
1198,51,167069,Volkswagen,Polo,,2011
1598,85,108000,Opel,Astra J,6100,2012
2488,140,197000,Nissan,Navara,11450,2015
2967,210,84000,Audi,A6,49990,2019
2967,210,54000,Audi,A6,54900,2019
1968,120,67830,Audi,A6,32900,2019
1968,110,38674,Volkswagen,Golf 8,27900,2021
1242,48,151423,Fiat,Grande Punto,3600,2009
1498,190,22000,Volkswagen,Golf 8,32900,2021
1368,57,215456,Fiat,Grande Punto,2700,2006
1200,77,178000,Volkswagen,Golf Plus,7200,2011
1390,90,190221,Volkswagen,Golf 6,6200,2009
1598,77,206056,Opel,Astra H,2750,2005
1997,103,181671,Ford,Kuga,11990,2014
1298,50,202179,Daihatsu,Sirion,1129,2007
1600,110,2,Hyundai,Tucson,29890,2023
1995,130,210000,BMW,X3,5900,2007
1198,47,155170,Volkswagen,Polo,2899,2005
1968,110,153000,Audi,A3,12900,2016
1600,110,231000,Opel,Zafira,,2011
1248,62,228000,Fiat,EVO,4950,2012
1995,105,205200,BMW,118,10300,2012
1968,88,202850,Audi,A4,10200,2011
1769,84,398000,Nissan,Almera Tino,,2001
1995,130,195852,BMW,X1,10990,2012
1896,77,244000,Volkswagen,Passat B6,4790,2006
,41,28626,Smart,ForTwo,15900,2017
2993,210,105625,BMW,530,52900,2020
1591,97,126000,Kia,Sportage,13950,2016
1986,147,5,Škoda,Kodiaq,51990,2023
1197,77,172000,Audi,A3,8250,2012
1995,130,135446,Renault,Koleos,23990,2019
1461,81,152000,Renault,Kadjar,13900,2017
1968,103,224500,Audi,A6,,2006
1968,110,235356,Škoda,Superb,13800,2016
1997,100,176800,Citroen,C4,2690,2005
1598,77,156800,Seat,Ibiza,4800,2010
998,80,184500,Volkswagen,Golf 7,12500,2017
2698,140,196000,Audi,A6,7200,2010
1461,60,220000,Renault,Kangoo,3190,2005
1968,140,141350,Audi,Q5,35490,2019
1598,96,185200,Nissan,Qashqai,13400,2015
2967,190,144348,Porsche,Macan,30000,2017
1686,74,245693,Opel,Astra H,2999,2006
1598,66,215000,Škoda,Octavia,11900,2018
1956,118,189625,Opel,Astra J,4500,2011
1560,82,197313,Peugeot,508,6250,2012
1598,77,234000,Audi,A3,7200,2010
1349,55,138520,Mazda,2,3490,2009
1598,77,231000,Volkswagen,Touran,6499,2012
1598,81,231200,Volkswagen,Golf 7,10990,2015
1995,110,185000,BMW,X3,5700,2006
1596,74,165000,Ford,Focus,2700,2006
1400,110,201000,Volkswagen,Touran,7300,2012
1582,66,186000,Hyundai,i30,3499,2008
1968,105,225000,Audi,A4,8700,2011
1395,81,181122,Volkswagen,Caddy,10999,2017
1242,51,188816,Fiat,EVO,,2011
1400,81,180000,Volkswagen,Golf 7,11700,2015
1968,103,220000,Volkswagen,Tiguan,8700,2009
1598,85,190000,MINI,Cooper,3199,2006
1560,82,210000,Peugeot,308,4300,2012
1248,62,176000,Fiat,EVO,4700,2011
2148,125,290000,Mercedes Benz,C 220,5700,2008
1998,235,55500,Mercedes Benz,GLE 350,92000,2021
1995,140,274000,BMW,520,17500,2015
1968,130,225000,Audi,A4,14999,2014
1995,140,149127,BMW,X3,33700,2018
1396,74,175966,Hyundai,i20,4900,2012
1560,88,160352,Peugeot,308,7999,2015
1595,75,203542,Volkswagen,Golf 6,5900,2009
1461,81,182235,Renault,Scenic,6499,2013
1499,88,169574,Ford,Kuga,19999,2021
1461,81,125530,Renault,Megane,4890,2009
1560,68,177412,Peugeot,2008,7999,2013
1461,85,156664,Renault,Captur,15499,2020
1461,81,163300,Renault,Scenic,11700,2017
1686,81,199052,Opel,Astra J,5800,2011
1229,59,87780,Opel,Corsa C,2890,2005
1499,75,139657,Peugeot,308,11250,2020
1499,75,179050,Peugeot,208,11950,2020
1499,75,60899,Citroen,C3,9950,2019
2998,180,295000,BMW,530,13000,2010
1368,74,1,Kia,Stonic,19139,2023
1461,81,182900,Renault,Talisman,12999,2018
1498,142,90608,Honda,CR-V,30990,2019
1968,150,134095,Audi,A6,37990,2018
1984,155,220000,Audi,Q5,10200,2008
1598,133,119946,Peugeot,508,23990,2018
1997,120,177777,Citroen,DS4,8300,2011
1995,135,178000,BMW,X3,13700,2011
1968,125,183300,Audi,Q5,11500,2009
1560,80,165000,Peugeot,3008,5999,2010
1896,77,203000,Audi,A3,5299,2009
1998,115,15000,BMW,318,39999,2022
2429,105,164751,Jeep,Wrangler,14999,2003
1499,75,162575,Citroen,C4 Cactus,10000,2019
1968,110,148500,Volkswagen,Tiguan Allspace,31800,2020
1560,55,200098,Peugeot,2008,11599,2016
1598,85,195000,Mercedes Benz,C 180,21999,2016
1598,81,182000,Renault,Megane,4500,2010
1968,103,206100,Volkswagen,Passat B6,4790,2007
1968,110,182461,Volkswagen,Tiguan,25490,2019
1560,80,239400,Ford,Focus,4590,2010
1560,88,162000,Peugeot,308,7490,2017
1560,82,170000,Peugeot,3008,6490,2012
1968,140,222300,Škoda,Kodiaq,,2017
1598,96,126300,Renault,Kadjar,14490,2016
2967,150,163200,Volkswagen,Touareg,26990,2017
1968,110,120300,Audi,A4,23490,2020
1995,140,188000,BMW,220,15999,2015
1968,105,307000,Audi,A4,9900,2010
1461,63,160000,Renault,Modus,3350,2008
1461,81,179110,Renault,Kadjar,12999,2015
1461,81,160000,Renault,Megane,5650,2010
1995,85,487000,Toyota,Avensis,,2004
1968,103,224210,Seat,Alhambra,2499,2006
1968,140,250000,Audi,Q5,31000,2017
2926,135,305000,BMW,X5,6999,2004
1368,57,186542,Fiat,Grande Punto,4900,2010
1200,66,182000,Škoda,Fabia,6500,2016
1686,81,188517,Opel,Astra J,6999,2012
1197,85,100386,Nissan,Qashqai,13900,2016
1397,71,167000,Citroen,C4,5499,2012
1395,103,218000,Škoda,Octavia,8990,2014
1206,62,121487,Chevrolet,Aveo,,2009
1598,85,171154,Škoda,Octavia,13550,2019
1598,77,69400,Audi,A3,15450,2014
1995,120,192600,BMW,520,6690,2006
1499,75,53357,Opel,Corsa F,16000,2021
1560,55,230000,Peugeot,208,6800,2017
1242,48,174350,Fiat,Grande Punto,3150,2007
1968,103,218042,Volkswagen,Passat B7,7300,2013
1995,130,189000,BMW,X1,9300,2010
1390,110,189127,Seat,Ibiza,6450,2010
1598,77,188000,Volkswagen,Golf 6,6850,2010
2967,176,239000,Volkswagen,Touareg,10000,2010
1461,81,176000,Nissan,Qashqai,12995,2016
1560,73,199999,Peugeot,308,9500,2017
1598,66,66000,Volkswagen,Golf 7,14000,2018
1364,66,147155,Toyota,Yaris,7550,2012
2993,220,201000,BMW,535,14999,2011
1968,103,257000,Audi,A6,6690,2006
2143,100,187000,Mercedes Benz,E 220,11999,2011
1242,51,181963,Fiat,500,4750,2010
1998,103,350000,Volkswagen,Passat B6,1950,2007
1956,81,179500,Opel,Zafira,7500,2012
1461,85,129975,Renault,Clio,11999,2019
1499,70,153000,Ford,Focus,11400,2019
1968,150,103000,Audi,A6,44900,2020
1498,190,18936,Volkswagen,Golf 8,32900,2021
1968,110,23298,Volkswagen,Tiguan,36500,2020
1968,150,88102,Audi,A6,,2018
1499,103,74500,BMW,118,29000,2020
1995,135,212000,BMW,X3,12890,2010
1968,103,204000,Volkswagen,Golf 5,3690,2004
1598,77,246000,Seat,Leon,2150,2002
1199,74,23207,Opel,Corsa F,,2019
1560,73,170000,Citroen,C4 SpaceTourer,,2018
2967,210,71043,Audi,Q7,,2020
1499,165,162113,MINI,Countryman,23800,2019
1968,85,55805,Audi,A3,28900,2022
1968,150,57729,Audi,A6,52900,2022
1968,110,71000,Škoda,Octavia,,2019
1242,51,96366,Fiat,500,,2019
1798,125,171000,Audi,A4,8490,2012
1995,140,96000,BMW,X2,27900,2018
1968,103,195250,Volkswagen,Passat B6,3890,2006
1968,110,240000,Škoda,Karoq,15950,2018
2777,120,110000,Chrysler,Grand Voyager,9500,2010
1968,150,45292,Audi,Q5,52900,2022
1997,110,192000,BMW,520,7490,2006
1956,121,181859,Opel,Astra J,,2012
1560,85,164200,Mazda,3,6790,2012
1422,66,165251,Škoda,Rapid,,2015
1995,160,207000,BMW,525,12790,2014
1595,90,125300,Mercedes Benz,CLA 180,19800,2017
1968,110,202000,Audi,A4,21900,2017
1598,85,102000,Volkswagen,Golf 7,,2019
1395,150,145793,Volkswagen,Golf 7,15500,2015
1968,110,126000,Škoda,Superb,,2018
1995,135,274522,BMW,X3,12000,2012
1499,74,33000,Opel,Corsa F,,2021
1598,85,49437,Volkswagen,Golf 7,17490,2019
999,70,119000,Škoda,Scala,,2020
1499,96,145000,Peugeot,3008,17900,2017
999,81,154259,Škoda,Rapid,,2018
1598,85,141000,Škoda,Octavia,,2019
1248,55,147000,Opel,Corsa E,,2017
1956,96,211000,Opel,Insignia,,2011
1968,150,38604,Audi,Q5,69990,2021
,230,40000,Audi,e-tron,,2020
1560,88,182000,Peugeot,3008,17350,2017
1968,103,172660,Volkswagen,Golf 5,3590,2004
1997,140,92000,Ford,Mondeo,,2019
1598,85,125000,Škoda,Octavia,,2017
1968,110,90000,Audi,Q3,28500,2019
1968,150,49000,Audi,A6,49990,2021
1968,110,101000,Škoda,Superb,23490,2019
1598,85,220863,Škoda,Octavia,10990,2018
1968,140,116000,Volkswagen,Tiguan,29990,2019
1598,85,212667,Škoda,Octavia,10299,2018
1298,50,183000,Suzuki,Swift,1150,1998
1968,110,193433,Volkswagen,Arteon,22490,2019
1598,85,78000,Škoda,Octavia,15500,2019
1598,85,160000,Volkswagen,Golf 7,12500,2018
1991,110,296000,Opel,Antara,5200,2007
1968,130,183520,Audi,Q5,17900,2013
1896,77,244242,Volkswagen,Golf 5,3400,2005
1197,63,176000,Audi,A1,6700,2012
1968,110,222800,Škoda,Yeti,13990,2016
1298,64,179366,Toyota,Yaris,3350,2005
1969,140,262200,Volvo,XC60,26500,2018
1482,118,4,Kia,cee`d,,2023
1568,132,1,Kia,Sportage,31819,2023
1482,118,1,Kia,XCeed,24139,2023
1461,66,228000,Renault,Megane,3990,2012
1598,77,204000,Škoda,Octavia,11800,2015
1997,110,236000,Peugeot,5008,4600,2012
1999,125,226000,Audi,Q5,13350,2010
1598,77,204000,Volkswagen,Golf 6,6350,2010
1560,68,188270,Peugeot,301,6500,2015
1598,96,189330,Renault,Kadjar,14999,2016
1968,110,116000,Volkswagen,Passat B8,,2018
1598,85,72000,Volkswagen,Golf 7,,2019
1968,110,86500,Volkswagen,Passat B8,22000,2019
1598,82,121000,Renault,Clio,4250,2012
1997,180,168000,BMW,328,13990,2012
,150,0,MG,4,33990,2023
1332,116,0,Nissan,Qashqai,33790,2023
1499,80,0,BMW,116,35990,2024
1499,80,0,BMW,116,35490,2024
1197,62,0,Suzuki,Ignis,20400,2024
1332,110,3,Dacia,Duster,24770,2023
999,81,9,Volkswagen,Taigo,26800,2023
1598,77,138100,Škoda,Rapid,6550,2013
2143,150,237000,Mercedes Benz,C 250,,2012
1198,85,142452,Renault,Scenic,7500,2014
1995,110,185698,Renault,Espace,5400,2010
1560,80,244000,Peugeot,407,4499,2009
1995,96,270485,Renault,Laguna,,2007
1998,103,228563,Mazda,6,4950,2008
1598,81,159000,Volkswagen,Golf 7,10990,2016
1300,66,165800,Fiat,Grande Punto,3150,2008
1198,77,175000,Volkswagen,Golf 6,5990,2010
1199,55,178000,Seat,Ibiza,4600,2011
1560,84,187000,Volvo,V40,9350,2014
1598,96,192000,Nissan,X-Trail,12290,2015
1968,55,187000,Volkswagen,Caddy,11490,2018
1995,85,224000,Toyota,RAV 4,6850,2005
1598,85,184316,Škoda,Karoq,18650,2018
1332,116,0,Nissan,Qashqai,30660,2023
999,81,0,Volkswagen,Taigo,28990,2023
999,67,0,Dacia,Sandero,15700,2023
1968,110,1,Škoda,Karoq,39900,2023
1595,132,8,Hyundai,Tucson,35590,2023
999,51,0,Fiat,Panda,14390,2023
1598,132,5,Kia,Sportage,30619,2023
1598,132,5,Kia,Sportage,40019,2023
999,81,0,Volkswagen,Taigo,28175,2023
999,51,2,Fiat,Panda,13850,2023
1998,90,0,Mazda,CX-30,27390,2023
1498,81,4,Hyundai,i30,22490,2023
1498,110,0,Cupra,Formentor,34490,2023
1984,228,0,Cupra,Formentor,45990,2024
1984,228,0,Cupra,Formentor,46490,2024
1199,96,5,Opel,Crossland X ,26210,2023
1199,95,0,Opel,Crossland X ,20990,2023
1197,62,5,Hyundai,i20,17690,2023
1968,110,181354,Volkswagen,Passat B8,15700,2015
1560,74,325000,Peugeot,308,8300,2014
2982,127,255000,Toyota,Land Cruiser,15500,2008
1984,120,218000,Volvo,XC60,10800,2011
1598,110,0,Hyundai,Tucson,28590,2023
1898,120,2,Isuzu,D-Max,32490,2024
1197,62,3,Hyundai,Bayon,20390,2023
2480,294,0,Audi,RS Q3,84664,2023
1199,96,0,Peugeot,2008,26990,2023
1197,62,0,Hyundai,Bayon,20690,2023
1199,96,0,Peugeot,408,30490,2023
1373,103,0,Suzuki,SX4 S-Cross,27200,2023
1199,96,0,Peugeot,308,27190,2024
1499,96,0,Opel,Astra K,,2022
1199,55,0,Opel,Corsa F,17490,2022
1199,96,0,Opel,Grandland X,29490,2022
999,84,0,Nissan,Juke,22990,2022
1497,150,0,Nissan,X-Trail,48900,2022
1084,55,0,Ford,Fiesta,17690,2023
,87,0,Fiat,500,39990,2023
1197,62,0,Hyundai,Bayon,20390,2023
1482,118,4,Kia,XCeed,24139,2023
1998,90,5,Mazda,CX-30,,2023
1199,55,0,Opel,Corsa F,17800,2023
999,114,0,Ford,Puma,30490,2023
2998,212,1,Ford,Ranger,69490,2022
1199,96,10560,Peugeot,3008,31490,2023
1993,140,0,BMW,320,72000,2023
5038,331,1,Ford,Mustang,78990,2023
1950,143,65000,Mercedes Benz,E 220,42500,2018
1598,100,202000,BMW,116,10200,2014
2179,150,202000,Peugeot,508,7450,2011
1560,66,157000,Citroen,C4,3750,2007
1796,103,150000,Opel,Zafira,4499,2008
1198,72,196000,Nissan,Micra,4250,2011
1398,74,174000,Opel,Corsa D,4500,2011
1685,85,186500,Kia,Sportage,8999,2013
1598,84,97000,Dacia,Duster,8600,2014
1461,81,139000,Renault,Kadjar,13500,2015
1360,54,106623,Citroen,C3 pluriel,2199,2004
1560,80,184197,Citroen,C3 Picasso,4200,2009
1364,66,126503,Toyota,Urban Cruiser,6250,2009
1956,118,251000,Opel,Insignia,6350,2011
1968,130,198930,Audi,Q5,16990,2013
1998,142,215000,Mercedes Benz,E 220,31950,2018
1229,59,200352,Opel,Corsa D,3799,2009
1997,103,189193,Ford,Kuga,9299,2011
1896,77,332000,Volkswagen,Touran,4399,2008
1984,147,230569,Volkswagen,Scirocco,6199,2009
999,74,8,Dacia,Duster,18250,2023
1585,44,47069,Volkswagen,Buba,11000,1969
1197,61,0,Suzuki,Ignis,20800,2023
1598,110,0,Hyundai,Tucson,29500,2023
1598,110,5,Hyundai,Tucson,31590,2024
1598,110,0,Hyundai,Tucson,28590,2024
1248,66,183526,Fiat,Grande Punto,3850,2008
1557,110,24508,Kia,Sportage,25650,2022
1149,54,171074,Renault,Clio,5400,2015
1364,103,161073,Opel,Meriva,5200,2012
1560,68,172959,Peugeot,2008,9490,2015
1956,103,188427,Opel,Insignia,8250,2014
1362,103,185000,Opel,Astra J,6999,2013
1997,103,164000,Ford,C-Max,7250,2012
1499,95,199330,Peugeot,308,10650,2018
1998,114,255000,Honda,Accord,,2008
1329,73,59000,Toyota,Yaris,11500,2017
1199,81,112000,Peugeot,308,6950,2015
1968,103,280009,Audi,A6,6999,2007
1995,130,225590,BMW,320,6300,2010
1896,77,241000,Audi,A3,4990,2007
1968,140,252750,Audi,A6,25500,2017
1995,135,365000,BMW,320,8600,2010
1896,85,279102,Volkswagen,Passat B5,1600,2000
1560,82,185246,Peugeot,3008,,2012
1968,130,274460,Audi,A6,14950,2013
1995,135,175500,Kia,Sportage,12350,2012
1910,110,264000,Alfa Romeo,159,,2007
1598,100,175000,Opel,Zafira,8999,2015
1600,77,190209,Volkswagen,Polo,5999,2010
1242,44,145108,Fiat,Punto,2790,2005
1910,110,263514,Opel,Zafira,4599,2010
2698,120,260508,Mercedes Benz,ML 270,5800,2002
1108,40,167787,Fiat,Panda,2900,2009
1900,77,261000,Volkswagen,Golf 5,3600,2003
1968,120,146000,Audi,A4,27600,2020
1995,110,153000,Renault,Koleos,8499,2012
2993,225,225993,BMW,X6,20500,2013
1198,96,159429,Renault,Scenic,7300,2014
1968,103,218042,Volkswagen,Passat B7,7300,2013
898,66,63446,Dacia,Stepway,8000,2018
1198,47,250000,Volkswagen,Polo,2400,2006
1596,88,163329,Ford,Fiesta,,2010
1397,96,202176,Renault,Grand Scenic,5000,2012
1586,79,193785,Suzuki,SX4,4500,2008
1296,64,165123,Toyota,Yaris,4400,2010
1197,77,172243,Škoda,Fabia,4500,2011
1598,77,188000,Volkswagen,Golf 6,6999,2012
1998,80,217558,Volkswagen,Caddy,8990,2012
1368,99,204365,Alfa Romeo,MiTo,3890,2010
1461,81,214455,Renault,Megane,4999,2009
1560,66,205221,Peugeot,308,3649,2010
1998,93,189311,Toyota,Auris,4250,2008
1598,83,194500,Renault,Megane,2350,2005
1995,130,136500,Renault,Koleos,27500,2018
1242,51,10148,Ford,Ka,3999,2010
1995,139,2,BMW,X4,74990,2024
1995,170,133000,BMW,X5,,2019
2993,195,154630,BMW,X5,59990,2019
1968,140,120807,Škoda,Kodiaq,29990,2019
1995,140,256000,BMW,520,19999,2015
1499,96,170526,Peugeot,308,11499,2019
1390,90,205550,Volkswagen,Golf 5,4600,2008
1598,88,228436,Peugeot,207,3600,2012
1461,78,234000,Nissan,Qashqai,5500,2008
1968,105,191000,Audi,A4,8400,2011
1560,82,168000,Citroen,DS4,7790,2011
1968,147,0,Škoda,Superb,45167,2023
1997,110,298000,Citroen,C4 Grand Picasso,,2011
2148,110,324000,Mercedes Benz,E 220,3850,2003
1968,140,110000,Škoda,Kodiaq,32900,2020
1968,150,139000,Audi,Q5,42490,2021
1968,110,62000,Volkswagen,Tiguan,36990,2021
1969,110,124000,Volvo,XC40,29990,2019
1968,120,83000,Audi,A5,37990,2020
1499,96,175813,Peugeot,508,17400,2019
1995,125,190000,BMW,320,,2010
1950,120,101238,Mercedes Benz,E 220,27500,2017
1995,140,25000,BMW,320,48990,2023
1968,110,99000,Volkswagen,Tiguan,30990,2019
1995,140,62000,BMW,320,34990,2019
1995,140,146000,BMW,X3,26990,2018
1968,103,198000,Volkswagen,Tiguan,11900,2013
1968,110,201500,Volkswagen,Tiguan,21999,2019
1598,77,197000,Alfa Romeo,Giulietta,5250,2011
1395,81,187126,Volkswagen,Golf 7,11500,2015
1995,110,176770,BMW,318,25800,2019
1997,100,284000,Ford,Kuga,7700,2010
1968,103,191842,Volkswagen,Passat B6,3990,2007
1686,92,185357,Opel,Astra J,5250,2013
1968,110,181500,Volkswagen,Passat B8,12450,2015
1968,130,241901,Audi,Q3,14500,2013
1197,85,95529,Nissan,Qashqai,13499,2016
1461,81,170000,Renault,Kadjar,14750,2018
973,43,162532,Opel,Corsa C,1799,2001
1587,80,251231,Peugeot,206,1799,2001
1995,135,100638,Hyundai,ix35,13999,2014
1997,110,199000,Ford,Kuga,16900,2017
1461,81,176000,Nissan,Qashqai + 2,7699,2012
1968,110,209000,Audi,A3,12999,2014
1968,103,213064,Audi,A4,7990,2009
1598,81,168352,Audi,A3,14999,2017
1995,135,100638,Hyundai,ix35,13999,2014
1390,110,192417,Volkswagen,Touran,8790,2013
2967,180,185337,Audi,A7,17290,2011
1968,110,224400,Volkswagen,Tiguan,19690,2016
1598,100,91175,Kia,XCeed,21190,2020
1390,110,219000,Volkswagen,Tiguan,6690,2008
1896,77,233000,Volkswagen,Golf 5,3750,2006
1198,51,189700,Volkswagen,Polo,5290,2010
1149,55,178000,Renault,Clio,4290,2010
1560,80,224500,Ford,Focus,3990,2010
1998,140,191350,BMW,520,,2017
1368,88,233000,Fiat,Doblo,6390,2013
1390,110,208000,Volkswagen,Touran,,2010
1598,110,191000,Opel,Zafira,7490,2014
1598,96,219000,Nissan,X-Trail,13850,2014
1910,88,209000,Alfa Romeo,147,,2009
1197,77,185500,Volkswagen,Golf 7,9250,2014
1390,110,156300,Volkswagen,Tiguan,7800,2010
2967,210,77000,Audi,A6,44990,2019
1998,140,211000,Škoda,Superb,17900,2016
1968,110,130000,Audi,Q3,27990,2019
1910,88,243567,Alfa Romeo,159,2050,2007
1248,55,185678,Fiat,EVO,2950,2010
998,88,122367,Hyundai,Kona,14999,2018
1199,55,190762,Seat,Ibiza,3750,2010
1968,110,160500,Volkswagen,Tiguan,22700,2019
1968,150,202469,Audi,A6,26290,2019
1598,77,249000,Škoda,Octavia,5290,2010
1968,125,164000,Audi,A4 Allroad,9899,2010
1461,81,144000,Renault,Kadjar,15500,2016
1248,62,182000,Fiat,EVO,4650,2012
1560,82,181725,Peugeot,308,5750,2012
1390,110,142000,Volkswagen,Tiguan,8800,2010
1968,103,182900,Volkswagen,Passat B6,4990,2008
999,66,141000,Volkswagen,Polo,10299,2017
1968,140,238000,Audi,A5,19290,2017
1968,125,217442,Audi,A4,4350,2006
1596,88,183127,Ford,Fiesta,3750,2009
1296,55,179321,Opel,Corsa D,4690,2011
1395,81,176366,Volkswagen,Golf 7,9490,2014
1395,59,192401,Volkswagen,Golf 6,4999,2009
1349,63,197560,Mazda,2,3850,2009
1597,90,184354,Mercedes Benz,C 180,17999,2019
1560,85,182324,Citroen,C4 Grand Picasso,9990,2014
1968,103,190700,Volkswagen,Tiguan,9490,2010
1998,120,250000,Renault,Espace,1799,2004
1398,110,191132,Volkswagen,Touran,7490,2011
1395,81,194186,Volkswagen,Caddy,9999,2018
1997,120,169500,Citroen,DS4,7790,2012
1995,103,183456,Suzuki,Grand Vitara,6500,2006
1997,100,226000,Ford,Kuga,6999,2010
1969,88,185924,Volvo,V40,8999,2015
1995,140,46900,BMW,320,36990,2020
1995,140,169000,BMW,520,27900,2018
1461,81,225352,Renault,Talisman,11290,2018
3000,250,115021,BMW,X5,66790,2020
1248,70,142568,Opel,Corsa D,3600,2008
1968,110,186000,Audi,A3,11750,2014
1968,85,145918,Volkswagen,Touran,17490,2020
1968,100,170272,Audi,A4,18999,2019
1598,85,188000,Volkswagen,Golf 7,12790,2017
1199,55,178529,Škoda,Fabia,3750,2010
1598,88,205000,Volkswagen,Passat B8,11999,2017
1398,50,161407,Peugeot,208,5999,2013
1395,81,193702,Volkswagen,Golf 7,9999,2015
1968,110,193000,Volkswagen,Tiguan,16450,2016
1968,103,179233,Volkswagen,Tiguan,11190,2013
1332,70,155000,Smart,ForFour,2250,2005
1910,110,230000,Alfa Romeo,159,5500,2009
1197,85,119000,Toyota,C-HR,16999,2017
1560,84,169532,Peugeot,208,5900,2012
1598,88,210000,Citroen,C4,2890,2009
1390,92,254397,Seat,Altea,3899,2009
1390,92,192468,Audi,A3,,2009
1595,75,176047,Škoda,Octavia,3700,2008
1589,83,169232,Citroen,C4,6150,2011
1896,96,210000,Audi,A4,3500,2001
1395,114,177250,Alfa Romeo,MiTo,4300,2009
1789,73,51761,Toyota,Auris,16990,2018
1759,85,155376,Mazda,CX-3,16300,2019
1199,74,51341,Opel,Mokka X,19950,2022
1896,74,177542,Volkswagen,Buba,3499,2003
1997,103,191000,Ford,Kuga,13800,2015
1870,95,170000,Suzuki,Grand Vitara,,2008
1989,103,275000,Volkswagen,Passat CC,14900,2015
1598,77,212995,Opel,Meriva,3450,2008
1686,74,187853,Opel,Astra H,4350,2008
1598,88,165122,Peugeot,207,4600,2010
1586,79,171829,Fiat,Sedici,4999,2008
1248,55,218295,Fiat,Grande Punto,5000,2015
1995,130,229968,BMW,320,6950,2009
1598,77,245125,Audi,A3,8650,2013
1461,81,196880,Nissan,Qashqai,8450,2011
1997,100,220036,Ford,Kuga,8650,2009
1461,81,229500,Renault,Megane,10550,2017
1598,81,231000,Audi,A3,11900,2014
1364,103,165800,Opel,Mokka,10500,2015
1560,80,177921,Citroen,C4,4290,2009
1198,44,89000,Seat,Ibiza,3199,2011
1461,78,200497,Renault,Megane,,2007
1248,62,158686,Alfa Romeo,MiTo,4499,2012
1896,77,232000,Volkswagen,Caddy,7000,2009
1596,77,130000,Ford,C-Max,7990,2014
1560,66,178332,Peugeot,307,2799,2008
1968,110,1,Volkswagen,Tiguan,42700,2024
1995,120,156000,BMW,320,19850,2019
1997,100,198359,Ford,Kuga,6999,2010
1796,103,205280,Opel,Insignia,5100,2009
2143,125,190500,Mercedes Benz,C 220,,2015
1968,81,232000,Volkswagen,Golf Plus,,2009
2998,290,102500,BMW,X5,73000,2020
1997,103,250000,Ford,Kuga,3300,2010
1997,120,218000,Peugeot,508,8500,2014
1991,103,243350,Kia,Sportage,5753,2008
1598,88,260000,Volkswagen,Passat B8,10300,2015
1422,59,198308,Volkswagen,Polo,3450,2007
1368,74,144000,Fiat,500,5800,2008
1995,85,141653,BMW,316,10299,2014
2000,110,206300,Škoda,Octavia,11499,2014
1968,103,233000,Volkswagen,Passat B6,4150,2006
1781,110,370000,Audi,A4,1850,1997
1870,88,294000,Renault,Megane,2500,2005
1798,118,204000,Audi,A4,6500,2009
1984,110,93000,Audi,A4,22400,2019
1499,96,137123,Citroen,C5 Aircross,17700,2019
1598,77,160515,Opel,Astra H,3290,2005
1598,96,189163,Nissan,Qashqai,14500,2017
1499,88,195690,Ford,C-Max,10450,2015
1388,71,150434,Ford,Fiesta,3850,2009
2477,85,273236,Mitsubishi,Pajero,6900,2004
1968,85,0,Škoda,Octavia,28740,2023
1598,66,178533,Seat,Leon,6400,2011
1560,66,188420,Peugeot,207,3720,2008
1968,130,304999,Audi,A6,12750,2012
1995,135,219000,BMW,520,13990,2011
1995,120,207000,BMW,X1,12250,2014
1248,62,176000,Fiat,EVO,4250,2011
1461,78,236900,Nissan,Qashqai,7000,2010
2925,210,176000,Mercedes Benz,S 350,69500,2019
1995,130,202000,BMW,X3,8500,2009
1595,75,172689,Audi,A3,5500,2010
1968,100,251000,Volkswagen,Touran,3899,2004
3000,250,168000,BMW,X5,66900,2020
1870,74,185181,Renault,Laguna,,2005
898,66,187645,Dacia,Sandero,6350,2016
1781,110,315000,Volkswagen,Golf 4,3450,2002
1968,105,205000,Audi,A4,7600,2008
1598,81,182132,Renault,Scenic,4450,2009
1956,100,209000,Alfa Romeo,159,5200,2011
1995,105,211000,BMW,318,7800,2009
1598,100,199000,Opel,Insignia,12999,2018
1998,96,199000,Jaguar,X-Type,5999,2008
1461,81,208032,Renault,Megane,4999,2011
2143,125,176212,Mercedes Benz,GLC 220,27500,2017
1242,44,166000,Fiat,Panda,3500,2005
1991,103,205652,Hyundai,Tucson,4900,2006
1997,120,175000,Citroen,C5,5400,2010
1390,90,265000,Volkswagen,Scirocco,6790,2009
1686,74,245693,Opel,Astra H,2999,2006
1242,51,168660,Fiat,500,5000,2009
1390,73,128000,Opel,Corsa E,9990,2018
1998,110,129000,Volkswagen,Passat B8,26990,2020
1968,140,103000,Volkswagen,Tiguan,22900,2018
1591,99,198876,Kia,Sportage,8499,2012
1598,70,192570,BMW,114,8950,2014
1242,51,141175,Fiat,500,4799,2009
1398,50,184644,Citroen,C3,4699,2010
1968,125,308000,Audi,Q5,13500,2010
2967,160,174853,Audi,A6,20490,2016
2993,180,204082,BMW,530,9250,2010
1248,70,177900,Opel,Corsa D,4290,2011
1248,70,197000,Opel,Corsa D,4200,2011
2967,210,125000,Audi,A6,48900,2021
1984,132,212900,Audi,A6,15990,2014
1968,103,210000,Mitsubishi,Outlander,7200,2008
1968,90,114900,Audi,A4,21000,2018
1968,125,341000,Audi,Q5,12990,2010
2967,210,141000,Audi,Q7,,2021
1968,103,190980,Audi,Q3,15990,2014
1995,135,252000,BMW,X3,13990,2011
1495,85,199000,BMW,216,10600,2015
2967,171,255600,Audi,A8,12000,2008
1468,81,96532,Renault,Kadjar,15590,2018
1997,110,170000,Peugeot,508,9190,2015
1995,120,214000,BMW,520,5799,2006
2993,220,27450,BMW,740,109990,2023
1968,100,273740,Audi,A6,9500,2011
2184,127,234709,Mazda,CX-7,,2010
1398,92,217750,Audi,A3,5550,2009
1989,125,224680,Seat,Altea XL,4550,2007
1989,66,359611,Peugeot,307,,2002
2989,171,280000,Audi,Q7,11000,2006
1242,60,165000,Ford,Fiesta,3800,2011
1461,81,156320,Renault,Megane,5500,2011
1199,96,162100,Peugeot,3008,15699,2019
1896,77,249000,Škoda,Octavia,2990,2005
1086,49,178739,Hyundai,i10,,2009
1197,77,175123,Volkswagen,Touran,6399,2011
1461,55,143100,Renault,Clio,8350,2019
1896,77,255460,Volkswagen,Passat B6,3350,2007
1560,80,172000,Peugeot,3008,6800,2010
1968,110,200000,Volkswagen,Tiguan,18999,2018
1229,59,160000,Opel,Corsa D,2999,2007
1995,74,236550,Opel,Zafira,1000,2002
1686,81,257000,Opel,Astra J,4750,2011
2993,210,210000,BMW,X6,17500,2009
1968,140,176462,Audi,A4,24490,2019
1461,66,161482,Renault,Megane,,2018
1598,81,174729,Opel,Insignia,13990,2019
1969,173,89365,Volvo,XC90,43490,2018
898,66,131810,Renault,Captur,12990,2018
1390,90,198000,Volkswagen,Golf 6,4999,2009
1968,110,295070,Volkswagen,Tiguan,20750,2016
2993,210,26634,BMW,530,65990,2023
1461,80,124643,Mercedes Benz,CLA 180,17990,2016
1991,103,223500,Mercedes Benz,B 200,3700,2005
1998,135,87000,Mercedes Benz,E 200,34999,2017
1968,110,193260,Volkswagen,Passat B8,11999,2015
1590,85,196000,Mitsubishi,ASX,8500,2012
1461,81,210000,Renault,Megane,4600,2011
1798,85,219000,Mitsubishi,ASX,7750,2010
1598,55,167000,Volkswagen,Polo,6600,2011
1600,85,200150,Volkswagen,Golf 7,13500,2018
1600,68,154560,Citroen,C3,5700,2012
1368,88,199000,Alfa Romeo,Giulietta,5200,2011
1600,85,185000,Škoda,Octavia,10900,2018
1896,77,201528,Audi,A3,4699,2005
1198,77,157477,Volkswagen,Polo,5399,2010
1997,110,196000,Peugeot,3008,16990,2018
1598,84,224200,Nissan,Qashqai,6750,2010
1598,85,171462,Škoda,Octavia,10990,2018
2000,150,194000,Audi,A6,27990,2019
2191,110,246000,Mazda,CX-5,13990,2018
1995,140,187000,BMW,520,24990,2017
1968,81,198000,Volkswagen,Passat B6,5950,2010
1898,77,210000,Volkswagen,Passat B6,3750,2008
1989,119,210000,BMW,320,4699,2006
1968,103,198000,Audi,Q3,13990,2012
1984,140,176870,Volkswagen,T-Roc,23799,2019
1229,59,185065,Opel,Corsa D,3700,2006
1390,110,165000,Volkswagen,Touran,9499,2015
